<?xml version = '1.0' encoding = 'UTF-8'?>
<Entity class="oracle.dbtools.crest.model.design.logical.Entity" directorySegmentName="seg_0" id="31D919B3-E8CC-263D-0A3B-645A8429543C" name="Vuelo">
<createdBy>kodou</createdBy>
<createdTime>2025-08-15 23:43:53 UTC</createdTime>
<ownerDesignName>BT&amp;Airways</ownerDesignName>
<engineerTo>
<item key="96D83256-6F31-1421-45E3-450844D04297" value="true"/>
</engineerTo>
<adequatelyNormalized>NO</adequatelyNormalized>
<expectedVolumes>0</expectedVolumes>
<fwdEngineeringStrategyName>Single Table</fwdEngineeringStrategyName>
<growthPercent>0</growthPercent>
<growthType>Year</growthType>
<maxVolumes>9999999</maxVolumes>
<minVolumes>0</minVolumes>
<normalForm>Third</normalForm>
<attributes itemClass="oracle.dbtools.crest.model.design.logical.Attribute">
<Attribute name="numero_vuelo" id="E24C4089-2F4F-24D8-2447-4D32537556A0">
<createdBy>kodou</createdBy>
<createdTime>2025-08-15 23:44:56 UTC</createdTime>
<ownerDesignName>BT&amp;Airways</ownerDesignName>
<engineerTo>
<item key="96D83256-6F31-1421-45E3-450844D04297" value="true"/>
</engineerTo>
<useDomainConstraints>false</useDomainConstraints>
<use>1</use>
<logicalDatatype>LOGDT024</logicalDatatype>
<dataTypeSize>20 CHAR</dataTypeSize>
<ownDataTypeParameters>20 CHAR,,</ownDataTypeParameters>
</Attribute>
<Attribute name="fecha_despegue" id="D8623A28-3B60-8606-3C9B-303A0DAB4026">
<createdBy>kodou</createdBy>
<createdTime>2025-08-15 23:45:10 UTC</createdTime>
<ownerDesignName>BT&amp;Airways</ownerDesignName>
<engineerTo>
<item key="96D83256-6F31-1421-45E3-450844D04297" value="true"/>
</engineerTo>
<useDomainConstraints>false</useDomainConstraints>
<use>1</use>
<logicalDatatype>LOGDT007</logicalDatatype>
<ownDataTypeParameters>,,</ownDataTypeParameters>
</Attribute>
<Attribute name="fecha_llegada" id="096F14E3-1D88-935C-EEA8-045A4EC632BC">
<createdBy>kodou</createdBy>
<createdTime>2025-08-15 23:45:24 UTC</createdTime>
<ownerDesignName>BT&amp;Airways</ownerDesignName>
<engineerTo>
<item key="96D83256-6F31-1421-45E3-450844D04297" value="true"/>
</engineerTo>
<useDomainConstraints>false</useDomainConstraints>
<use>1</use>
<logicalDatatype>LOGDT007</logicalDatatype>
<ownDataTypeParameters>,,</ownDataTypeParameters>
</Attribute>
<Attribute name="hora_salida" id="B6961C1A-A3CF-D03C-CB7A-74CD7434F421">
<createdBy>kodou</createdBy>
<createdTime>2025-08-15 23:45:31 UTC</createdTime>
<ownerDesignName>BT&amp;Airways</ownerDesignName>
<engineerTo>
<item key="96D83256-6F31-1421-45E3-450844D04297" value="true"/>
</engineerTo>
<useDomainConstraints>false</useDomainConstraints>
<use>1</use>
<logicalDatatype>LOGDT007</logicalDatatype>
<ownDataTypeParameters>,,</ownDataTypeParameters>
</Attribute>
<Attribute name="numero_reserva" id="A2B9F147-C730-2B14-24C3-79AE9EAF7BEF">
<createdBy>kodou</createdBy>
<createdTime>2025-08-16 22:36:42 UTC</createdTime>
<generatorID>FB8E8781-695F-39E1-53AA-17B600585FF3</generatorID>
<ownerDesignName>BT&amp;Airways</ownerDesignName>
<engineerTo>
<item key="96D83256-6F31-1421-45E3-450844D04297" value="true"/>
</engineerTo>
<referedAttribute>C7CD2802-12F0-3126-55D1-761AA89D5133</referedAttribute>
<useDomainConstraints>false</useDomainConstraints>
<use>1</use>
<logicalDatatype>LOGDT024</logicalDatatype>
<dataTypeSize>20 CHAR</dataTypeSize>
<ownDataTypeParameters>,,</ownDataTypeParameters>
</Attribute>
</attributes>
<identifiers itemClass="oracle.dbtools.crest.model.design.logical.CandidateKey">
<identifier id="97694724-86B8-7D0B-8001-E6C3C7901286" name="Vuelo PK">
<createdBy>kodou</createdBy>
<createdTime>2025-08-15 23:45:21 UTC</createdTime>
<ownerDesignName>BT&amp;Airways</ownerDesignName>
<engineerTo>
<item key="96D83256-6F31-1421-45E3-450844D04297" value="true"/>
</engineerTo>
<pk>true</pk>
<usedAttributes>
<attributeRef>E24C4089-2F4F-24D8-2447-4D32537556A0</attributeRef>
</usedAttributes>
</identifier>
</identifiers>
</Entity>