<?xml version = '1.0' encoding = 'UTF-8'?>
<Entity class="oracle.dbtools.crest.model.design.logical.Entity" directorySegmentName="seg_0" id="A200663C-DD4E-8F27-7A5B-EB3152C631DB" name="Empleado">
<createdBy>kodou</createdBy>
<createdTime>2025-08-16 00:03:39 UTC</createdTime>
<ownerDesignName>BT&amp;Airways</ownerDesignName>
<engineerTo>
<item key="96D83256-6F31-1421-45E3-450844D04297" value="true"/>
</engineerTo>
<adequatelyNormalized>NO</adequatelyNormalized>
<expectedVolumes>0</expectedVolumes>
<fwdEngineeringStrategyName>Single Table</fwdEngineeringStrategyName>
<growthPercent>0</growthPercent>
<growthType>Year</growthType>
<maxVolumes>9999999</maxVolumes>
<minVolumes>0</minVolumes>
<normalForm>Third</normalForm>
<attributes itemClass="oracle.dbtools.crest.model.design.logical.Attribute">
<Attribute name="rut_empleado" id="30C8FCCE-BDF2-D5EF-2735-61BEC8D71283">
<createdBy>kodou</createdBy>
<createdTime>2025-08-16 00:03:43 UTC</createdTime>
<ownerDesignName>BT&amp;Airways</ownerDesignName>
<engineerTo>
<item key="96D83256-6F31-1421-45E3-450844D04297" value="true"/>
</engineerTo>
<useDomainConstraints>false</useDomainConstraints>
<use>1</use>
<logicalDatatype>LOGDT024</logicalDatatype>
<dataTypeSize>12 CHAR</dataTypeSize>
<ownDataTypeParameters>12 CHAR,,</ownDataTypeParameters>
</Attribute>
<Attribute name="nombre_completo" id="00A8DF8A-1200-6930-91E2-DBF5E3D26560">
<createdBy>kodou</createdBy>
<createdTime>2025-08-16 00:03:50 UTC</createdTime>
<ownerDesignName>BT&amp;Airways</ownerDesignName>
<engineerTo>
<item key="96D83256-6F31-1421-45E3-450844D04297" value="true"/>
</engineerTo>
<useDomainConstraints>false</useDomainConstraints>
<use>1</use>
<logicalDatatype>LOGDT024</logicalDatatype>
<dataTypeSize>50 CHAR</dataTypeSize>
<ownDataTypeParameters>50 CHAR,,</ownDataTypeParameters>
</Attribute>
<Attribute name="direccion" id="C4AD27AC-4413-82F4-60D4-78905B22ED5D">
<createdBy>kodou</createdBy>
<createdTime>2025-08-16 00:04:01 UTC</createdTime>
<ownerDesignName>BT&amp;Airways</ownerDesignName>
<engineerTo>
<item key="96D83256-6F31-1421-45E3-450844D04297" value="true"/>
</engineerTo>
<useDomainConstraints>false</useDomainConstraints>
<use>1</use>
<logicalDatatype>LOGDT024</logicalDatatype>
<dataTypeSize>50 CHAR</dataTypeSize>
<ownDataTypeParameters>50 CHAR,,</ownDataTypeParameters>
</Attribute>
<Attribute name="sueldo_base" id="9CD47A16-88EA-CD55-D57A-FA8FAEA82211">
<createdBy>kodou</createdBy>
<createdTime>2025-08-16 00:04:08 UTC</createdTime>
<ownerDesignName>BT&amp;Airways</ownerDesignName>
<engineerTo>
<item key="96D83256-6F31-1421-45E3-450844D04297" value="true"/>
</engineerTo>
<useDomainConstraints>false</useDomainConstraints>
<use>1</use>
<logicalDatatype>LOGDT019</logicalDatatype>
<dataTypePrecision>10</dataTypePrecision>
<dataTypeScale>2</dataTypeScale>
<ownDataTypeParameters>,10,2</ownDataTypeParameters>
</Attribute>
<Attribute name="fecha_ingreso" id="D274E6DB-ADD9-B232-C354-161FFF553229">
<createdBy>kodou</createdBy>
<createdTime>2025-08-16 00:04:13 UTC</createdTime>
<ownerDesignName>BT&amp;Airways</ownerDesignName>
<engineerTo>
<item key="96D83256-6F31-1421-45E3-450844D04297" value="true"/>
</engineerTo>
<useDomainConstraints>false</useDomainConstraints>
<use>1</use>
<logicalDatatype>LOGDT007</logicalDatatype>
<ownDataTypeParameters>,,</ownDataTypeParameters>
</Attribute>
<Attribute name="genero" id="720D0969-47D5-EB02-A8DE-019BF3BED91C">
<createdBy>kodou</createdBy>
<createdTime>2025-08-16 00:04:19 UTC</createdTime>
<ownerDesignName>BT&amp;Airways</ownerDesignName>
<engineerTo>
<item key="96D83256-6F31-1421-45E3-450844D04297" value="true"/>
</engineerTo>
<useDomainConstraints>false</useDomainConstraints>
<use>1</use>
<logicalDatatype>LOGDT024</logicalDatatype>
<dataTypeSize>10 CHAR</dataTypeSize>
<ownDataTypeParameters>10 CHAR,,</ownDataTypeParameters>
</Attribute>
<Attribute name="telefono_movil" id="F83DCCC5-14DB-AC99-2007-CCDD3D005DDD">
<createdBy>kodou</createdBy>
<createdTime>2025-08-16 00:04:24 UTC</createdTime>
<ownerDesignName>BT&amp;Airways</ownerDesignName>
<engineerTo>
<item key="96D83256-6F31-1421-45E3-450844D04297" value="true"/>
</engineerTo>
<useDomainConstraints>false</useDomainConstraints>
<use>1</use>
<logicalDatatype>LOGDT024</logicalDatatype>
<dataTypeSize>15 CHAR</dataTypeSize>
<ownDataTypeParameters>15 CHAR,,</ownDataTypeParameters>
</Attribute>
<Attribute name="telefono_contacto" id="00E4A72C-D9A1-6B3B-C130-1D648582F148">
<createdBy>kodou</createdBy>
<createdTime>2025-08-21 16:38:39 UTC</createdTime>
<ownerDesignName>BT&amp;Airways</ownerDesignName>
<engineerTo>
<item key="96D83256-6F31-1421-45E3-450844D04297" value="true"/>
</engineerTo>
<nullsAllowed>true</nullsAllowed>
<useDomainConstraints>false</useDomainConstraints>
<use>1</use>
<logicalDatatype>LOGDT024</logicalDatatype>
<dataTypeSize>15</dataTypeSize>
<ownDataTypeParameters>15,,</ownDataTypeParameters>
</Attribute>
<Attribute name="numero_reserva" id="E37FEAE8-CA34-E0AD-0D67-96992B6EA6CE">
<createdBy>kodou</createdBy>
<createdTime>2025-08-16 22:36:42 UTC</createdTime>
<generatorID>5190DA10-F807-2360-6BF0-A6D0F0BFCA6D</generatorID>
<ownerDesignName>BT&amp;Airways</ownerDesignName>
<engineerTo>
<item key="96D83256-6F31-1421-45E3-450844D04297" value="true"/>
</engineerTo>
<referedAttribute>C7CD2802-12F0-3126-55D1-761AA89D5133</referedAttribute>
<useDomainConstraints>false</useDomainConstraints>
<use>1</use>
<logicalDatatype>LOGDT024</logicalDatatype>
<dataTypeSize>20 CHAR</dataTypeSize>
<ownDataTypeParameters>20 CHAR,,</ownDataTypeParameters>
</Attribute>
</attributes>
<identifiers itemClass="oracle.dbtools.crest.model.design.logical.CandidateKey">
<identifier id="D060FF10-830A-3E63-1150-FA4D5ECAE93C" name="Empleado PK">
<createdBy>kodou</createdBy>
<createdTime>2025-08-16 00:03:49 UTC</createdTime>
<ownerDesignName>BT&amp;Airways</ownerDesignName>
<engineerTo>
<item key="96D83256-6F31-1421-45E3-450844D04297" value="true"/>
</engineerTo>
<pk>true</pk>
<usedAttributes>
<attributeRef>30C8FCCE-BDF2-D5EF-2735-61BEC8D71283</attributeRef>
</usedAttributes>
</identifier>
</identifiers>
</Entity>