<?xml version = '1.0' encoding = 'UTF-8'?>
<Entity class="oracle.dbtools.crest.model.design.logical.Entity" directorySegmentName="seg_0" id="E98BEC9E-5404-90E0-1E9A-AEE77063871C" name="Pasajero">
<createdBy>kodou</createdBy>
<createdTime>2025-08-15 23:01:55 UTC</createdTime>
<ownerDesignName>BT&amp;Airways</ownerDesignName>
<engineerTo>
<item key="96D83256-6F31-1421-45E3-450844D04297" value="true"/>
</engineerTo>
<adequatelyNormalized>NO</adequatelyNormalized>
<expectedVolumes>0</expectedVolumes>
<fwdEngineeringStrategyName>Single Table</fwdEngineeringStrategyName>
<growthPercent>0</growthPercent>
<growthType>Year</growthType>
<maxVolumes>9999999</maxVolumes>
<minVolumes>0</minVolumes>
<normalForm>Third</normalForm>
<attributes itemClass="oracle.dbtools.crest.model.design.logical.Attribute">
<Attribute name="id_pasaporte" id="000020C3-080A-7CA7-0FFA-3416C0A54B7D">
<createdBy>kodou</createdBy>
<createdTime>2025-08-15 23:02:53 UTC</createdTime>
<ownerDesignName>BT&amp;Airways</ownerDesignName>
<engineerTo>
<item key="96D83256-6F31-1421-45E3-450844D04297" value="true"/>
</engineerTo>
<useDomainConstraints>false</useDomainConstraints>
<use>1</use>
<logicalDatatype>LOGDT024</logicalDatatype>
<dataTypeSize>15</dataTypeSize>
<ownDataTypeParameters>15,,</ownDataTypeParameters>
</Attribute>
<Attribute name="nombre_completo" id="42EA282A-A484-B450-CF5A-3A7526FC27C8">
<createdBy>kodou</createdBy>
<createdTime>2025-08-15 23:03:14 UTC</createdTime>
<ownerDesignName>BT&amp;Airways</ownerDesignName>
<engineerTo>
<item key="96D83256-6F31-1421-45E3-450844D04297" value="true"/>
</engineerTo>
<useDomainConstraints>false</useDomainConstraints>
<use>1</use>
<logicalDatatype>LOGDT024</logicalDatatype>
<dataTypeSize>50</dataTypeSize>
<ownDataTypeParameters>50,,</ownDataTypeParameters>
</Attribute>
<Attribute name="fecha_nacimiento" id="3AB8311D-FDE1-E41E-677D-B303416E46D3">
<createdBy>kodou</createdBy>
<createdTime>2025-08-15 23:03:33 UTC</createdTime>
<ownerDesignName>BT&amp;Airways</ownerDesignName>
<engineerTo>
<item key="96D83256-6F31-1421-45E3-450844D04297" value="true"/>
</engineerTo>
<useDomainConstraints>false</useDomainConstraints>
<use>1</use>
<logicalDatatype>LOGDT007</logicalDatatype>
<ownDataTypeParameters>,,</ownDataTypeParameters>
</Attribute>
<Attribute name="nacionalidad" id="B719DA28-20CD-7764-BC18-55ECA82EC9C5">
<createdBy>kodou</createdBy>
<createdTime>2025-08-15 23:03:36 UTC</createdTime>
<ownerDesignName>BT&amp;Airways</ownerDesignName>
<engineerTo>
<item key="96D83256-6F31-1421-45E3-450844D04297" value="true"/>
</engineerTo>
<useDomainConstraints>false</useDomainConstraints>
<use>1</use>
<logicalDatatype>LOGDT024</logicalDatatype>
<dataTypeSize>15 CHAR</dataTypeSize>
<ownDataTypeParameters>15 CHAR,,</ownDataTypeParameters>
</Attribute>
<Attribute name="telefono" id="E7574610-9BDA-7591-F26D-AF02F70A0799">
<createdBy>kodou</createdBy>
<createdTime>2025-08-16 00:02:40 UTC</createdTime>
<ownerDesignName>BT&amp;Airways</ownerDesignName>
<engineerTo>
<item key="96D83256-6F31-1421-45E3-450844D04297" value="true"/>
</engineerTo>
<nullsAllowed>true</nullsAllowed>
<useDomainConstraints>false</useDomainConstraints>
<use>1</use>
<logicalDatatype>LOGDT024</logicalDatatype>
<dataTypeSize>15 CHAR</dataTypeSize>
<ownDataTypeParameters>15 CHAR,,</ownDataTypeParameters>
</Attribute>
<Attribute name="correo" id="75686156-48A0-CB4B-DB44-D73CB30E850F">
<createdBy>kodou</createdBy>
<createdTime>2025-08-21 16:38:02 UTC</createdTime>
<ownerDesignName>BT&amp;Airways</ownerDesignName>
<engineerTo>
<item key="96D83256-6F31-1421-45E3-450844D04297" value="true"/>
</engineerTo>
<nullsAllowed>true</nullsAllowed>
<useDomainConstraints>false</useDomainConstraints>
<use>1</use>
<logicalDatatype>LOGDT024</logicalDatatype>
<dataTypeSize>40</dataTypeSize>
<ownDataTypeParameters>40,,</ownDataTypeParameters>
</Attribute>
<Attribute name="numero_reserva" id="236B27D0-6364-A5EC-73FC-611ACAE33762">
<createdBy>kodou</createdBy>
<createdTime>2025-08-16 22:36:42 UTC</createdTime>
<generatorID>6E4195A9-CE01-B068-AF73-1B96B8542551</generatorID>
<ownerDesignName>BT&amp;Airways</ownerDesignName>
<engineerTo>
<item key="96D83256-6F31-1421-45E3-450844D04297" value="true"/>
</engineerTo>
<referedAttribute>C7CD2802-12F0-3126-55D1-761AA89D5133</referedAttribute>
<useDomainConstraints>false</useDomainConstraints>
<use>1</use>
<logicalDatatype>LOGDT024</logicalDatatype>
<dataTypeSize>20 CHAR</dataTypeSize>
<ownDataTypeParameters>20 CHAR,,</ownDataTypeParameters>
</Attribute>
</attributes>
<identifiers itemClass="oracle.dbtools.crest.model.design.logical.CandidateKey">
<identifier id="614BD46C-F1D0-7C69-52FA-E27C4DEEDC2F" name="Pasajero PK">
<createdBy>kodou</createdBy>
<createdTime>2025-08-15 23:03:08 UTC</createdTime>
<ownerDesignName>BT&amp;Airways</ownerDesignName>
<engineerTo>
<item key="96D83256-6F31-1421-45E3-450844D04297" value="true"/>
</engineerTo>
<pk>true</pk>
<usedAttributes>
<attributeRef>000020C3-080A-7CA7-0FFA-3416C0A54B7D</attributeRef>
</usedAttributes>
</identifier>
</identifiers>
</Entity>