<?xml version = '1.0' encoding = 'UTF-8'?>
<Diagram class="oracle.dbtools.crest.swingui.logical.DPVLogical" name="Logical" id="A4BE1054-492A-CF08-839D-EF8781AB77B9">
<createdBy>kodou</createdBy>
<modifiedBy>kodou</modifiedBy>
<createdTime>2025-08-15 23:01:15 UTC</createdTime>
<autoRoute>false</autoRoute>
<boxInbox>true</boxInbox>
<showLegend>false</showLegend>
<showLabels>false</showLabels>
<showRelAttributes>false</showRelAttributes>
<gridEnabled>false</gridEnabled>
<showGrid>false</showGrid>
<diagramColor>-1</diagramColor>
<display>false</display>
<notation>0</notation>
<objectViews>
<OView class="oracle.dbtools.crest.swingui.logical.TVEntity" oid="31D919B3-E8CC-263D-0A3B-645A8429543C" otype="Entity" vid="0C516C7F-9284-FF9F-FDF6-333AFEA3B769">
<hideElementsInCurrentOnly>false</hideElementsInCurrentOnly>
<bounds x="603" y="127" width="243" height="170"/>
</OView>
<OView class="oracle.dbtools.crest.swingui.logical.TVEntity" oid="504ABFA4-00E7-03AD-D506-7E39BEA99D46" otype="Entity" vid="E194D5D4-67AC-ECBA-1657-5FDD7CB39A43">
<hideElementsInCurrentOnly>false</hideElementsInCurrentOnly>
<bounds x="325" y="126" width="244" height="173"/>
</OView>
<OView class="oracle.dbtools.crest.swingui.logical.TVEntity" oid="A200663C-DD4E-8F27-7A5B-EB3152C631DB" otype="Entity" vid="1364CB97-BB73-D671-A3E8-10FCA828C550">
<hideElementsInCurrentOnly>false</hideElementsInCurrentOnly>
<bounds x="18" y="235" width="253" height="183"/>
</OView>
<OView class="oracle.dbtools.crest.swingui.logical.TVEntity" oid="E98BEC9E-5404-90E0-1E9A-AEE77063871C" otype="Entity" vid="8B555A6A-FA8C-B427-92ED-A441CD7988A4">
<hideElementsInCurrentOnly>false</hideElementsInCurrentOnly>
<bounds x="19" y="38" width="253" height="164"/>
</OView>
</objectViews>
<connectors>
<Connector class="oracle.dbtools.crest.swingui.logical.TVRelation" oid="5190DA10-F807-2360-6BF0-A6D0F0BFCA6D" otype="Relation" vid_source="1364CB97-BB73-D671-A3E8-10FCA828C550" vid_target="E194D5D4-67AC-ECBA-1657-5FDD7CB39A43">
<hideElementsInCurrentOnly>false</hideElementsInCurrentOnly>
<backgroundColor>-16777216</backgroundColor>
<lineWidth>1</lineWidth>
<points>
<point x="271" y="267"/>
<point x="325" y="267"/>
</points>
</Connector>
<Connector class="oracle.dbtools.crest.swingui.logical.TVRelation" oid="6E4195A9-CE01-B068-AF73-1B96B8542551" otype="Relation" vid_source="8B555A6A-FA8C-B427-92ED-A441CD7988A4" vid_target="E194D5D4-67AC-ECBA-1657-5FDD7CB39A43">
<hideElementsInCurrentOnly>false</hideElementsInCurrentOnly>
<backgroundColor>-16777216</backgroundColor>
<lineWidth>1</lineWidth>
<points>
<point x="272" y="164"/>
<point x="325" y="164"/>
</points>
</Connector>
<Connector class="oracle.dbtools.crest.swingui.logical.TVRelation" oid="FB8E8781-695F-39E1-53AA-17B600585FF3" otype="Relation" vid_source="0C516C7F-9284-FF9F-FDF6-333AFEA3B769" vid_target="E194D5D4-67AC-ECBA-1657-5FDD7CB39A43">
<hideElementsInCurrentOnly>false</hideElementsInCurrentOnly>
<backgroundColor>-16777216</backgroundColor>
<lineWidth>1</lineWidth>
<points>
<point x="603" y="212"/>
<point x="569" y="212"/>
</points>
</Connector>
</connectors>
</Diagram>