<?xml version = '1.0' encoding = 'UTF-8'?>
<Relation class="oracle.dbtools.crest.model.design.logical.Relation" name="FK_Reserva_Empleado" directorySegmentName="seg_0" id="5190DA10-F807-2360-6BF0-A6D0F0BFCA6D">
<createdBy>kodou</createdBy>
<createdTime>2025-08-16 00:16:46 UTC</createdTime>
<ownerDesignName>BT&amp;Airways</ownerDesignName>
<engineerTo>
<item key="96D83256-6F31-1421-45E3-450844D04297" value="true"/>
</engineerTo>
<sourcePk>D060FF10-830A-3E63-1150-FA4D5ECAE93C</sourcePk>
<targetPk>00E47143-DFDA-82A0-E523-629A7D37A97D</targetPk>
<identifying>false</identifying>
<optionalSource>false</optionalSource>
<optionalTarget>false</optionalTarget>
<sourceCardinality>*</sourceCardinality>
<sourceEntity>A200663C-DD4E-8F27-7A5B-EB3152C631DB</sourceEntity>
<targetCardinalityString>1</targetCardinalityString>
<targetEntity>504ABFA4-00E7-03AD-D506-7E39BEA99D46</targetEntity>
<transferable>true</transferable>
<deleteRule>NO ACTION</deleteRule>
</Relation>