<?xml version = '1.0' encoding = 'UTF-8'?>
<Relation class="oracle.dbtools.crest.model.design.logical.Relation" name="FK_Reserva_Pasajero" directorySegmentName="seg_0" id="6E4195A9-CE01-B068-AF73-1B96B8542551">
<createdBy>kodou</createdBy>
<createdTime>2025-08-16 00:15:41 UTC</createdTime>
<ownerDesignName>BT&amp;Airways</ownerDesignName>
<engineerTo>
<item key="96D83256-6F31-1421-45E3-450844D04297" value="true"/>
</engineerTo>
<sourcePk>614BD46C-F1D0-7C69-52FA-E27C4DEEDC2F</sourcePk>
<targetPk>00E47143-DFDA-82A0-E523-629A7D37A97D</targetPk>
<identifying>false</identifying>
<optionalSource>false</optionalSource>
<optionalTarget>false</optionalTarget>
<sourceCardinality>*</sourceCardinality>
<sourceEntity>E98BEC9E-5404-90E0-1E9A-AEE77063871C</sourceEntity>
<targetCardinalityString>1</targetCardinalityString>
<targetEntity>504ABFA4-00E7-03AD-D506-7E39BEA99D46</targetEntity>
<transferable>true</transferable>
<deleteRule>NO ACTION</deleteRule>
</Relation>