<?xml version = '1.0' encoding = 'UTF-8'?>
<Relation class="oracle.dbtools.crest.model.design.logical.Relation" name="ReservaDe" directorySegmentName="seg_0" id="FB8E8781-695F-39E1-53AA-17B600585FF3">
<createdBy>kodou</createdBy>
<createdTime>2025-08-16 02:01:38 UTC</createdTime>
<ownerDesignName>BT&amp;Airways</ownerDesignName>
<engineerTo>
<item key="96D83256-6F31-1421-45E3-450844D04297" value="true"/>
</engineerTo>
<sourcePk>97694724-86B8-7D0B-8001-E6C3C7901286</sourcePk>
<targetPk>00E47143-DFDA-82A0-E523-629A7D37A97D</targetPk>
<identifying>false</identifying>
<optionalSource>false</optionalSource>
<optionalTarget>false</optionalTarget>
<sourceCardinality>*</sourceCardinality>
<sourceEntity>31D919B3-E8CC-263D-0A3B-645A8429543C</sourceEntity>
<targetCardinalityString>1</targetCardinalityString>
<targetEntity>504ABFA4-00E7-03AD-D506-7E39BEA99D46</targetEntity>
<transferable>true</transferable>
<deleteRule>NO ACTION</deleteRule>
</Relation>